{
  "species": "cobblemon:squirtle",
  "order": 0,
  "variations": [
    {
      "aspects": [],
      "poser": "cobblemon:squirtle",
      "model": "cobblemon:squirtle.geo",
      "texture": "cobblemon:textures/pokemon/0007_squirtle/squirtle.png",
      "layers": []
    },
    {
      "aspects": ["shiny"],
      "texture": "cobblemon:textures/pokemon/0007_squirtle/squirtle_shiny.png"
    },
    {
      "aspects": ["cosmetic_item-black_glasses"],
      "texture": "cobblemon:textures/pokemon/0007_squirtle/squirtle_black_glasses.png",
      "layers": [
        {
          "texture": "cobblemon:textures/pokemon/0007_squirtle/squirtle_triangleglasses.png"
        }
      ]
    },
    {
      "aspects": ["cosmetic_item-black_glasses", "shiny"],
      "texture": "cobblemon:textures/pokemon/0007_squirtle/squirtle_black_glasses_shiny.png",
      "layers": [
        {
          "texture": "cobblemon:textures/pokemon/0007_squirtle/squirtle_triangleglasses.png"
        }
      ]
    },
    {
      "aspects": ["cosmetic_item-wise_glasses"],
      "texture": "cobblemon:textures/pokemon/0007_squirtle/squirtle_wise_glasses.png",
      "layers": [
        {
          "texture": "cobblemon:textures/pokemon/0007_squirtle/squirtle_circleglasses.png"
        }
      ]
    },
    {
      "aspects": ["cosmetic_item-wise_glasses", "shiny"],
      "texture": "cobblemon:textures/pokemon/0007_squirtle/squirtle_wise_glasses_shiny.png",
      "layers": [
        {
          "texture": "cobblemon:textures/pokemon/0007_squirtle/squirtle_circleglasses.png"
        }
      ]
    }
  ]
}
