{
	"format_version": "1.12.0",
	"minecraft:geometry": [
		{
			"description": {
				"identifier": "geometry.poltchageist_artisan",
				"texture_width": 64,
				"texture_height": 64,
				"visible_bounds_width": 4,
				"visible_bounds_height": 3.5,
				"visible_bounds_offset": [0, 1.25, 0]
			},
			"bones": [
				{
					"name": "poltchageist",
					"pivot": [0, 0, 0]
				},
				{
					"name": "body",
					"parent": "poltchageist",
					"pivot": [0, 6, 0],
					"cubes": [
						{"origin": [-5.5, 1, -5.5], "size": [11, 14, 11], "uv": [0, 0]},
						{"origin": [-5, 0, -5], "size": [10, 1, 10], "uv": [0, 25]},
						{"origin": [1.95, 12.5, -5.51], "size": [1, 1, 0], "uv": [0, 25]},
						{"origin": [2.7, 11.1, -5.51], "size": [1, 1, 0], "uv": [0, 26]},
						{"origin": [1.2, 11.1, -5.51], "size": [1, 1, 0], "uv": [0, 27]},
						{"origin": [-3, 15, -3], "size": [6, 1, 6], "uv": [38, 19]},
						{"origin": [-3, 0.5, -3], "size": [6, 0, 6], "uv": [27, 4]},
						{"origin": [-3, 0, -3], "size": [6, 1, 0], "uv": [33, 2]},
						{"origin": [-3, 0, 3], "size": [6, 1, 0], "uv": [33, 3]},
						{"origin": [3, 0, -3], "size": [0, 1, 6], "uv": [33, -6]},
						{"origin": [-3, 0, -3], "size": [0, 1, 6], "uv": [33, -5], "mirror": true}
					]
				},
				{
					"name": "eyes",
					"parent": "body",
					"pivot": [0, 8.5, -5.51]
				},
				{
					"name": "eye_left",
					"parent": "eyes",
					"pivot": [3.5, 7.5, -5.51]
				},
				{
					"name": "eye_open_left",
					"parent": "eye_left",
					"pivot": [4, 7.7, -5.51],
					"cubes": [
						{"origin": [2.5, 4.7, -5.51], "size": [3, 6, 0], "uv": [6, 58]}
					]
				},
				{
					"name": "eye_shock_left",
					"parent": "eye_open_left",
					"pivot": [1.98, 8.2, -5.42],
					"cubes": [
						{"origin": [1.48, 5.7, -5.42], "size": [1, 4, 0], "inflate": 0.01, "uv": [27, 51], "mirror": true},
						{"origin": [2.98, 7.2, -5.42], "size": [1, 1, 0], "inflate": 0.01, "uv": [27, 50], "mirror": true}
					]
				},
				{
					"name": "eye_angry_left",
					"parent": "eye_open_left",
					"pivot": [2.98, 9.2, -5.42],
					"cubes": [
						{"origin": [0.48, 7.7, -5.42], "size": [5, 3, 0], "inflate": 0.01, "uv": [12, 61], "mirror": true}
					]
				},
				{
					"name": "eye_sad_left",
					"parent": "eye_open_left",
					"pivot": [2.98, 9.2, -5.42],
					"cubes": [
						{"origin": [0.48, 7.7, -5.42], "size": [5, 3, 0], "inflate": 0.01, "uv": [32, 61], "mirror": true}
					]
				},
				{
					"name": "pupil_left",
					"parent": "eye_open_left",
					"pivot": [2.6, 7.6, -5.51],
					"cubes": [
						{"origin": [1.1, 5.1, -5.51], "size": [3, 5, 0], "inflate": 0.01, "uv": [0, 53], "mirror": true}
					]
				},
				{
					"name": "eye_closed_left",
					"parent": "eye_left",
					"pivot": [3.5, 5.25, -5.41],
					"cubes": [
						{"origin": [1.5, 4.75, -5.41], "size": [4, 1, 0], "uv": [0, 50]}
					]
				},
				{
					"name": "eye_happy_left",
					"parent": "eye_left",
					"pivot": [3.5, 6.25, -5.41],
					"cubes": [
						{"origin": [1.5, 2.75, -5.41], "size": [4, 7, 0], "uv": [31, 43]}
					]
				},
				{
					"name": "eye_recoil_left",
					"parent": "eye_left",
					"pivot": [3.5, 6.25, -5.41],
					"cubes": [
						{"origin": [1.5, 4.75, -5.41], "size": [4, 3, 0], "uv": [19, 53]}
					]
				},
				{
					"name": "eye_right",
					"parent": "eyes",
					"pivot": [-3.5, 7.5, -5.51]
				},
				{
					"name": "eye_open_right",
					"parent": "eye_right",
					"pivot": [-4, 7.7, -5.51],
					"cubes": [
						{"origin": [-5.5, 4.7, -5.51], "size": [3, 6, 0], "uv": [0, 58]}
					]
				},
				{
					"name": "eye_shock_right",
					"parent": "eye_open_right",
					"pivot": [-1.98, 8.2, -5.42],
					"cubes": [
						{"origin": [-2.48, 5.7, -5.42], "size": [1, 4, 0], "inflate": 0.01, "uv": [27, 56]},
						{"origin": [-3.98, 7.2, -5.42], "size": [1, 1, 0], "inflate": 0.01, "uv": [27, 55]}
					]
				},
				{
					"name": "eye_angry_right",
					"parent": "eye_open_right",
					"pivot": [-2.98, 9.2, -5.42],
					"cubes": [
						{"origin": [-5.48, 7.7, -5.42], "size": [5, 3, 0], "inflate": 0.01, "uv": [22, 61]}
					]
				},
				{
					"name": "eye_sad_right",
					"parent": "eye_open_right",
					"pivot": [-2.98, 9.2, -5.42],
					"cubes": [
						{"origin": [-5.48, 7.7, -5.42], "size": [5, 3, 0], "inflate": 0.01, "uv": [42, 61]}
					]
				},
				{
					"name": "pupil_right",
					"parent": "eye_open_right",
					"pivot": [-2.6, 7.6, -5.51],
					"cubes": [
						{"origin": [-4.1, 5.1, -5.51], "size": [3, 5, 0], "inflate": 0.01, "uv": [6, 53]}
					]
				},
				{
					"name": "eye_closed_right",
					"parent": "eye_right",
					"pivot": [-3.5, 5.25, -5.41],
					"cubes": [
						{"origin": [-5.5, 4.75, -5.41], "size": [4, 1, 0], "uv": [0, 51], "mirror": true}
					]
				},
				{
					"name": "eye_happy_right",
					"parent": "eye_right",
					"pivot": [-3.5, 6.25, -5.41],
					"cubes": [
						{"origin": [-5.5, 2.75, -5.41], "size": [4, 7, 0], "uv": [31, 50], "mirror": true}
					]
				},
				{
					"name": "eye_recoil_right",
					"parent": "eye_right",
					"pivot": [-3.5, 6.25, -5.41],
					"cubes": [
						{"origin": [-5.5, 4.75, -5.41], "size": [4, 3, 0], "uv": [19, 56], "mirror": true}
					]
				},
				{
					"name": "mouth",
					"parent": "body",
					"pivot": [0, 4.75, -5.51]
				},
				{
					"name": "mouth_closed",
					"parent": "mouth",
					"pivot": [0, 4.45, -5.51],
					"cubes": [
						{"origin": [-1.5, 4.4, -5.51], "size": [3, 1, 0], "uv": [0, 52]},
						{"origin": [-0.5, 3.9, -5.52], "size": [1, 1, 0], "uv": [6, 52]}
					]
				},
				{
					"name": "mouth_sad",
					"parent": "mouth",
					"pivot": [0, 4.45, -5.41],
					"cubes": [
						{"origin": [-1.5, 3.9, -5.41], "size": [3, 1, 0], "uv": [8, 50]},
						{"origin": [-0.5, 4.4, -5.42], "size": [1, 1, 0], "uv": [14, 50]}
					]
				},
				{
					"name": "mouth_open",
					"parent": "mouth",
					"pivot": [0, 5, -5.41],
					"cubes": [
						{"origin": [-1.5, 3.5, -5.41], "size": [3, 4, 0], "uv": [12, 53]}
					]
				},
				{
					"name": "back_detail",
					"parent": "body",
					"pivot": [0, 8.5, 5.52],
					"cubes": [
						{"origin": [-1.5, 5.75, 5.51], "size": [3, 5, 0], "uv": [0, 0]},
						{"origin": [-1, 4.75, 5.52], "size": [2, 5, 0], "uv": [0, 5]},
						{"origin": [-0.5, 5.25, 5.53], "size": [1, 4, 0], "uv": [6, 0]},
						{"origin": [-0.5, 1.5, 5.51], "size": [1, 2, 0], "uv": [6, 4]}
					]
				},
				{
					"name": "swirl",
					"parent": "body",
					"pivot": [0, 16, 0],
					"cubes": [
						{"origin": [-2, 15, -2], "size": [4, 4, 4], "uv": [46, 9]}
					]
				},
				{
					"name": "swirl2",
					"parent": "swirl",
					"pivot": [0, 18, 0],
					"cubes": [
						{"origin": [-3.5, 18, -3.5], "size": [7, 7, 7], "uv": [0, 36]}
					]
				},
				{
					"name": "lid",
					"parent": "body",
					"pivot": [0, 26, 0],
					"cubes": [
						{"origin": [-3.5, 26, -3.5], "size": [7, 1, 7], "inflate": 0.01, "uv": [30, 26]},
						{"origin": [-2.5, 24.5, -2.5], "size": [5, 2, 5], "uv": [21, 36]},
						{"origin": [-1, 27, -1], "size": [2, 1, 2], "uv": [56, 32]},
						{"origin": [-1.5, 27.5, -1.5], "size": [3, 2, 3], "uv": [51, 27]}
					]
				},
				{
					"name": "seal",
					"parent": "body",
					"pivot": [-5.01, 0.5, 0],
					"cubes": [
						{"origin": [-5.01, 0, -1], "size": [0, 1, 2], "uv": [2, 23]}
					]
				},
				{
					"name": "arms",
					"parent": "body",
					"pivot": [0, 8.5, 0]
				},
				{
					"name": "arm_left",
					"parent": "arms",
					"pivot": [13, 9, 0],
					"cubes": [
						{"origin": [11, 9, -1], "size": [2, 0, 2], "uv": [43, 0]}
					]
				},
				{
					"name": "hand_left",
					"parent": "arm_left",
					"pivot": [13, 9, 1],
					"cubes": [
						{"origin": [13, 8.5, -1.5], "size": [2, 1, 3], "inflate": 0.03, "uv": [46, 1]}
					]
				},
				{
					"name": "fingers_left",
					"parent": "hand_left",
					"pivot": [15, 9.5, 0]
				},
				{
					"name": "finger_back_left",
					"parent": "fingers_left",
					"pivot": [15, 9.5, 0.5],
					"rotation": [0, -25, 0]
				},
				{
					"name": "finger_back_left_rotation",
					"parent": "finger_back_left",
					"pivot": [15, 9.5, 1],
					"cubes": [
						{"origin": [15, 8.5, 0.5], "size": [2, 1, 1], "inflate": 0.01, "uv": [45, 5]}
					]
				},
				{
					"name": "finger_back_left2",
					"parent": "finger_back_left_rotation",
					"pivot": [17, 9.5, 1],
					"cubes": [
						{"origin": [17, 8.5, 0.5], "size": [2, 1, 1], "uv": [44, 9]}
					]
				},
				{
					"name": "finger_middle_left",
					"parent": "fingers_left",
					"pivot": [15, 9.5, 0],
					"cubes": [
						{"origin": [15, 8.5, -0.5], "size": [2, 1, 1], "inflate": 0.02, "uv": [58, 8]}
					]
				},
				{
					"name": "finger_middle_left2",
					"parent": "finger_middle_left",
					"pivot": [17, 9.5, 0],
					"cubes": [
						{"origin": [17, 8.5, -0.5], "size": [2, 1, 1], "inflate": 0.01, "uv": [44, 17]}
					]
				},
				{
					"name": "finger_front_left",
					"parent": "fingers_left",
					"pivot": [15, 9.5, -0.5],
					"rotation": [0, 25, 0]
				},
				{
					"name": "finger_front_left_rotation",
					"parent": "finger_front_left",
					"pivot": [15, 9.5, -1],
					"cubes": [
						{"origin": [15, 8.5, -1.5], "size": [2, 1, 1], "inflate": 0.01, "uv": [51, 5]}
					]
				},
				{
					"name": "finger_front_left2",
					"parent": "finger_front_left_rotation",
					"pivot": [17, 9.5, -1],
					"cubes": [
						{"origin": [17, 8.5, -1.5], "size": [2, 1, 1], "uv": [56, 4]}
					]
				},
				{
					"name": "stick",
					"parent": "hand_left",
					"pivot": [17, 4, 0],
					"cubes": [
						{"origin": [16.5, 3.5, -9], "size": [1, 1, 17], "inflate": 0.01, "uv": [12, 43]},
						{"origin": [16, 3.5, -16], "size": [2, 1, 7], "inflate": 0.01, "uv": [41, 34]},
						{"origin": [16.5, 4, -5], "size": [1, 1, 2], "uv": [14, 57]}
					]
				},
				{
					"name": "stick2",
					"parent": "stick",
					"pivot": [17, 3.5, -16],
					"rotation": [-22.5, 0, 0],
					"cubes": [
						{"origin": [16, 3.5, -19], "size": [2, 1, 3], "inflate": 0.01, "uv": [37, 34]}
					]
				},
				{
					"name": "debris_left",
					"parent": "arm_left",
					"pivot": [10.25, 9, 0.75],
					"cubes": [
						{"origin": [9.75, 9, 0.25], "size": [1, 0, 1], "uv": [55, 17]}
					]
				},
				{
					"name": "debris_left2",
					"parent": "arm_left",
					"pivot": [9, 9, -2.5],
					"cubes": [
						{"origin": [8.5, 9, -3], "size": [1, 0, 1], "uv": [55, 18]}
					]
				},
				{
					"name": "debris_left3",
					"parent": "arm_left",
					"pivot": [7.5, 9, 0.5],
					"cubes": [
						{"origin": [7, 9, 0], "size": [1, 0, 1], "uv": [55, 19]}
					]
				},
				{
					"name": "arm_right",
					"parent": "arms",
					"pivot": [-13, 9, 0],
					"cubes": [
						{"origin": [-13, 9, -1], "size": [2, 0, 2], "uv": [43, 2], "mirror": true}
					]
				},
				{
					"name": "hand_right",
					"parent": "arm_right",
					"pivot": [-13, 9, 1],
					"cubes": [
						{"origin": [-15, 8.5, -1.5], "size": [2, 1, 3], "inflate": 0.03, "uv": [53, 0], "mirror": true}
					]
				},
				{
					"name": "fingers_right",
					"parent": "hand_right",
					"pivot": [-15, 9.5, 0]
				},
				{
					"name": "finger_back_right",
					"parent": "fingers_right",
					"pivot": [-15, 9.5, 0.5],
					"rotation": [0, 25, 0]
				},
				{
					"name": "finger_back_right_rotation",
					"parent": "finger_back_right",
					"pivot": [-15, 9.5, 1],
					"cubes": [
						{"origin": [-17, 8.5, 0.5], "size": [2, 1, 1], "inflate": 0.01, "uv": [45, 7], "mirror": true}
					]
				},
				{
					"name": "finger_back_right2",
					"parent": "finger_back_right_rotation",
					"pivot": [-17, 9.5, 1],
					"cubes": [
						{"origin": [-19, 8.5, 0.5], "size": [2, 1, 1], "uv": [44, 11], "mirror": true}
					]
				},
				{
					"name": "finger_middle_right",
					"parent": "fingers_right",
					"pivot": [-15, 9.5, 0],
					"cubes": [
						{"origin": [-17, 8.5, -0.5], "size": [2, 1, 1], "inflate": 0.02, "uv": [58, 10], "mirror": true}
					]
				},
				{
					"name": "finger_middle_right2",
					"parent": "finger_middle_right",
					"pivot": [-17, 9.5, 0],
					"cubes": [
						{"origin": [-19, 8.5, -0.5], "size": [2, 1, 1], "inflate": 0.01, "uv": [50, 17], "mirror": true}
					]
				},
				{
					"name": "finger_front_right",
					"parent": "fingers_right",
					"pivot": [-15, 9.5, -0.5],
					"rotation": [0, -25, 0]
				},
				{
					"name": "finger_front_right_rotation",
					"parent": "finger_front_right",
					"pivot": [-15, 9.5, -1],
					"cubes": [
						{"origin": [-17, 8.5, -1.5], "size": [2, 1, 1], "inflate": 0.01, "uv": [51, 7], "mirror": true}
					]
				},
				{
					"name": "finger_front_right2",
					"parent": "finger_front_right_rotation",
					"pivot": [-17, 9.5, -1],
					"cubes": [
						{"origin": [-19, 8.5, -1.5], "size": [2, 1, 1], "uv": [56, 6], "mirror": true}
					]
				},
				{
					"name": "debris_right",
					"parent": "arm_right",
					"pivot": [-10.25, 9, 0.75],
					"cubes": [
						{"origin": [-10.75, 9, 0.25], "size": [1, 0, 1], "uv": [57, 17], "mirror": true}
					]
				},
				{
					"name": "debris_right2",
					"parent": "arm_right",
					"pivot": [-8, 9, -0.25],
					"cubes": [
						{"origin": [-8.5, 9, -0.75], "size": [1, 0, 1], "uv": [57, 18], "mirror": true}
					]
				},
				{
					"name": "debris_right3",
					"parent": "arm_right",
					"pivot": [-7, 9, 2.5],
					"cubes": [
						{"origin": [-7.5, 9, 2], "size": [1, 0, 1], "uv": [57, 19], "mirror": true}
					]
				}
			]
		}
	]
}